"Content","Tags"
"Sports data APIs (football-data.org and TheSportsDB) as data providers","key_partners"
"Beverage distributor for venue introductions","key_partners"
"Venue associations and F&B business networks in Singapore","key_partners"
"Fetch fixtures and standings daily; refresh badges weekly","key_activities"
"Score matches and publish weekly plans","key_activities"
"Generate posters and playbooks","key_activities"
"Run monthly account reviews for Pro and Group","key_activities"
"Match importance scoring rules RULE-01 to RULE-04","key_resources"
"Data from football-data.org and TheSportsDB","key_resources"
"Venue history: past screenings with actual attendance","key_resources"
"Poster templates and brand design system","key_resources"
"Know by Monday which matches will fill seats this week","value_propositions"
"Cut overstaffing on quiet nights; avoid running out of stock on big nights","value_propositions"
"Save about 3 hours a week of fixture checking and poster making","value_propositions"
"All kickoff times already in Singapore time","value_propositions"
"Self-service onboarding for the Starter plan","customer_relationships"
"Named account manager and monthly review call for Pro and Group","customer_relationships"
"In-app assistant that answers questions from this knowledge base","customer_relationships"
"Web dashboard (desktop) for owners and managers; mobile view for floor staff","channels"
"Weekly email and WhatsApp-style summary every Monday at 10am SGT","channels"
"Direct sales visits to venues","channels"
"Partnership with a beverage distributor","channels"
"Primary: independent sports bars and pubs in Singapore with 40–150 seats (Clarke Quay, Boat Quay, Holland Village, Robertson Quay)","customer_segments"
"Secondary: 24-hour cafes and prata shops that screen late matches (Tampines, Jurong, Bedok)","customer_segments"
"Tertiary: small groups of 2 to 5 outlets under one owner","customer_segments"
"Hosting on Vercel: SGD 0–30 monthly","cost_structure"
"Gemini API usage: SGD 20–60 monthly","cost_structure"
"Sports data APIs (free tiers): SGD 0","cost_structure"
"Account manager (part-time): SGD 1,800 monthly","cost_structure"
"Sales and marketing: SGD 600 monthly","cost_structure"
"Break-even is about 30 Pro-plan venues","cost_structure"
"Monthly subscriptions: Starter SGD 39, Pro SGD 89, Group SGD 249","revenue_streams"
"One-off setup fee of SGD 99 for Group plans","revenue_streams"
"Optional sponsored poster slots for beverage brands (planned, not live)","revenue_streams"
